utc_time,x_error,x_error_std,y_error,y_error_std,z_error,z_error_std,clock_error,clock_error_std
2025-09-08 00:11:00,-0.16510860410761463,3.5661993346920213,0.36735175923482233,3.961567484262538,0.37647924543210937,4.826803090318708,-0.1443401751089107,2.4673535438038012
2025-09-08 00:24:00,0.37300660449318374,3.9887285016193834,0.32876296131938937,3.961833316134344,0.3787524099725982,4.828508264074471,-0.16594622027453382,2.4699591691602407
2025-09-08 00:39:00,0.3730278011253466,3.988729737082134,0.3569911233518564,3.9619324450589333,0.36359996248355253,4.8252641803842105,-0.1856417629309843,2.472683555479357
2025-09-08 00:54:00,0.37303928051274815,3.9887293261997296,0.344548408544206,3.961933805029189,-0.23675424689856278,4.786657333324841,-0.19754338339739375,2.4750105470636594
2025-09-08 01:09:00,-0.27362774871865425,3.6283442899621985,0.34232395925443787,3.9619351713197473,0.1215079503812006,3.4714436520597123,-0.1997681671130958,2.4768756777566145
2025-09-08 01:24:00,0.3730913715502343,3.9887334794497447,0.31930547832774514,3.961936543928054,0.3788295977583655,4.828521332583333,-0.19092146839264848,2.4782599493009787
2025-09-08 01:39:00,0.3731126265724501,3.988734739278735,0.33887268606238735,3.961937922851542,1.0430387219058317,4.717427195259778,-0.17012850832354975,2.4791958744282394
2025-09-08 01:54:00,0.373133740649435,3.9887359997907,0.34866002180961375,3.961939308087659,0.3788525129116327,4.828524368039047,-0.13703963791977342,2.47976383644029
2025-09-08 02:09:00,-1.9642240182181987,3.3831185164928983,0.3561998938169618,3.961578711902957,0.3766729597723748,4.828503831756805,-0.09182451069025538,2.4800751110399113
2025-09-08 02:24:00,0.3731762859586247,3.9887385542242284,0.34935066428458555,3.9621873650540724,0.37812052239396166,4.828520348296811,-0.03516656465166684,2.4802443304784507
2025-09-08 02:40:00,0.37319892864790544,3.988739923710623,0.3451598937781048,3.9620901313977375,0.3149529465056713,4.828196414224018,0.03652279231783312,2.4803679981166455
2025-09-08 02:54:00,0.37389424826588524,3.9887394738755906,0.3536684968786362,3.9621901790549994,0.1023035842224086,4.786669405098239,0.10717369833608566,2.4804699283443843
2025-09-08 03:09:00,0.25406282282756276,3.628350942285541,0.35532980496052885,3.9621915956559843,0.13071352634365918,3.4714480310085385,0.18891542643492729,2.4805741847148006
2025-09-08 03:24:00,0.37326119709719047,3.988743724862283,0.3517701860419275,3.9621930186537924,2.0189207703291667,3.8184008892455443,0.2742387044944831,2.4806502950641702
2025-09-08 03:39:00,0.37328246017956823,3.9887450328458955,0.35212354275174557,3.962194448045766,0.6252868548562127,4.7174375366989425,0.359966591121932,2.4806756149683085
2025-09-08 03:54:00,0.3733036509112143,3.988746341490067,0.3519892694458123,3.9622140679198314,0.37894475334012123,4.828536795288118,0.44254339524022396,2.4806485910706324
2025-09-08 04:09:00,-1.5712779568633404,3.383125327575375,0.3296507871644536,3.9616068472383943,0.37421732936557117,4.828516310750913,0.5181410777534488,2.4805935556933685
2025-09-08 04:24:00,0.3733462089005077,3.988748992140373,0.35254767140090204,3.9621987745599196,0.37736209751167554,4.828532887431688,0.5827936040905652,2.4805484052079954
2025-09-08 04:40:00,0.37336888299689025,3.9887504129089915,0.3447669478902894,3.962101525741242,0.37623931307241515,4.828208855837148,0.6352469140327184,2.4805446718423347
2025-09-08 04:54:00,0.37336771774178656,3.9887500064922947,0.35262029797683775,3.962219884164712,0.6306586234617102,4.786681822836248,0.6636608424332073,2.480583204853808
2025-09-08 05:09:00,-0.34594332921098236,3.6283576801880537,0.3524152068572412,3.962203158524741,-3.251629718488936,3.47145246011082,0.6727333234321407,2.4806445912001984
2025-09-08 05:24:00,0.37343127940706744,3.988754354972339,0.35326390209959097,3.9622046326004576,1.1278655235545014,3.8184120668080803,0.6569567478120204,2.4806875773976977
2025-09-08 05:40:00,0.3734539469583772,3.988755801551708,0.35982854910942036,3.9621073750769806,-0.3437541415259507,4.379718098854685,0.6104630926014079,2.480672644509837
2025-09-08 05:54:00,0.37347236332857,3.9887570675744115,0.3522861989915827,3.962227748038264,0.3790381454357681,4.8285496766230525,0.5437035466560575,2.48059212136904
2025-09-08 06:09:00,0.20726313912382646,3.3831391761834313,0.3190292235263599,3.961618798055812,0.3769738595730842,4.828529242808475,0.4453346904691325,2.480437905923704
2025-09-08 06:24:00,0.3735827880210078,3.98875849047984,0.3515285539505138,3.9622105926004116,0.3783579008077568,4.828545879991295,0.32071390346345563,2.4802190885425204
2025-09-08 06:40:00,0.37353906704918566,3.988761286011301,0.35304039075637805,3.9622121991309043,0.3764023465833404,4.828221743760417,0.16226720790134758,2.4799000315619337
2025-09-08 06:55:00,0.37319905870691394,3.988750270547024,0.34880400344078455,3.962213711823608,0.5321891483283564,4.82325404118423,-0.005397982348977537,2.479470772218851
2025-09-08 07:09:00,0.2587748739004083,3.6283645028741285,0.35706798965400277,3.962215129404291,8.92624107431499,3.471456938849386,-0.17325579302866473,2.4788854385635624
2025-09-08 07:24:00,0.3736015426246456,3.9887653685186546,0.3522588070721882,3.9622348716503906,0.08289339385439176,3.8184233079332914,-0.3586930347191208,2.4779764172546046
2025-09-08 07:40:00,0.37362424197272726,3.9887668661251685,0.3516196546811912,3.9622182880235735,-1.7426067245981662,4.379726869629651,-0.5544733772370418,2.4766123123427244
2025-09-08 07:54:00,0.37364505389881514,3.9887681767737413,0.35231877636880127,3.962237945575902,0.379132688216203,4.828563010516123,-0.7168626959775859,2.4750694342348494
2025-09-08 08:09:00,2.4131778228096623,3.3831461410048704,0.37421179254041265,3.9616304422138278,0.3814050347070688,4.828542626395878,-0.8745959848256999,2.473099882524478
2025-09-08 08:24:00,0.373774129145397,3.988769695446869,0.3462574640381228,3.962153513080349,0.3799425534753079,4.82855932766989,-1.0094098036735806,2.4709025336235406
2025-09-08 08:40:00,0.3737094704323868,3.988772541727922,0.34533981242642864,3.9618898239795675,0.9044031390629179,4.250135766514472,-1.1225785331926978,2.4684563026536894
2025-09-08 08:55:00,0.37189241346467783,3.9887620026137687,0.3386565593145044,3.96189138774623,0.684098707345856,4.690611171627437,-1.1968177047874413,2.4662069290632997
2025-09-08 09:09:00,2.5239407399072715,3.620391648460407,0.3473571539598245,3.961956545080985,0.09870895228106835,3.469545495495892,-1.23729590195785,2.464244680575674
2025-09-08 09:24:00,0.2343485011717838,3.8375265040597144,0.35031429836402184,3.9621597885050033,-0.9460474885831249,3.811360336691046,-1.2504288976521067,2.462359856046271
2025-09-08 09:40:00,0.6406758483247667,3.837527473788593,0.3772510092556435,3.961798699363993,0.624302293908609,4.338005695653954,-1.2323744198728233,2.460640131353098
2025-09-08 10:00:00,0.5659281434945379,3.863295032108262,0.34404685668126817,3.9622284412222952,9.296888286644256,3.5129213807054396,-1.16945827061106,2.4589188415214402
2025-09-08 12:00:00,0.8623203164031373,3.863302439628849,0.3488115328246131,3.9622587105988227,0.25492927924971953,3.5031221858063626,-0.3811612771954987,2.451023882950376
2025-09-08 14:00:00,2.358410669149303,3.6339527065457036,0.3491156410349336,3.9622364164709767,1.77831037039497,3.503125276303842,0.28752565774921734,2.4471922179658283
2025-09-08 16:00:00,1.5133591223622576,3.6380990046111026,0.3389965315351927,3.9620948568096024,1.282657163352656,3.0842681843667843,0.7529334042746127,2.455742070865953
2025-09-08 16:04:00,-0.49592011925584834,3.614494224303523,0.3577962007222596,3.9618858764482257,0.4692266291148098,3.13840183920008,0.7646614167540113,2.4559034615080226
2025-09-08 16:25:00,-1.1918661191541857,3.3388479172204626,0.35278929640835877,3.9622887789890524,0.3875025007626108,4.825537748308552,0.8197777698810318,2.4565211814476196
2025-09-08 16:40:00,-0.4319548560493145,3.3388489690679015,0.35202026555960775,3.9622905394201102,0.4296098999396424,4.825530341730169,0.8514743793869979,2.4567911651933323
2025-09-08 16:56:00,-0.26272494321086093,3.489574484210185,0.35404619621170147,3.9622924240955664,0.6352014881445092,4.805991260379734,0.876871019004835,2.456989845312492
2025-09-08 17:10:00,-0.029357057916861218,3.2487799790122627,0.3527542294911265,3.9622940790113117,0.24859437716929433,4.825517997936547,0.8908534066554503,2.4571150901866186
2025-09-08 17:25:00,4.06939838342173,3.3388521278495444,0.3530893709880591,3.9622958581648877,-0.8247652312206626,3.3174124987684412,0.8960611774133154,2.4572054745375587
2025-09-08 17:41:00,0.10862439202980606,3.4895768523653015,0.35687837050732607,3.962248894419269,-1.9591732356976364,3.6670578679418053,0.8890408302835455,2.457249753292814
2025-09-08 17:55:00,-0.4026711241228844,3.3388542373108354,0.3527204916976378,3.962306811237873,0.15588631274387338,4.826102912908401,0.8711400697704905,2.4572488435910036
2025-09-08 18:10:00,-1.2419372857421624,3.1066385183878085,0.3238795736666063,3.9616960062896687,1.800326156602212,4.803844302508203,0.8389197070485197,2.4572251928563316
2025-09-08 18:26:00,-2.688747841447131,3.489579282739801,0.3508423402712179,3.962254270875988,-0.8001525214585554,4.806567328238014,0.7892856531558445,2.457205354981022
2025-09-08 18:40:00,2.448532313384294,3.288470236412627,0.3527684390896471,3.9623116979105935,0.7427562690116352,4.826120914936567,0.733284601706006,2.4572149282629883
2025-09-08 18:56:00,-2.696026366360938,3.4895809623948377,0.3513899867772544,3.9623067852105667,0.5774075858124244,4.806060787725053,0.6563625291115232,2.4572635199540316
2025-09-08 19:10:00,2.751711933256502,3.2487861547015973,0.3546052727373727,3.9623084866122067,1.7588647309886842,4.196986691633243,0.5798804131753323,2.4573258209642836
2025-09-08 19:26:00,-2.3387284257371093,3.489582532510149,0.35247421460656403,3.962310437695904,-0.6128149358343218,4.049059291127837,0.48556049192256123,2.4573918513357564
2025-09-08 19:40:00,-0.07808116549626404,3.2884736547719307,0.3527621996192332,3.962319005578683,-0.1416153085538056,4.362175151203249,0.4006381366844569,2.457427550840609
2025-09-08 19:56:00,0.670638747270522,3.4895890947193546,0.35264584193039794,3.9623141150107397,0.3648430819573964,4.806577662055414,0.3056146374769866,2.4574459700159172
2025-09-08 20:10:00,-0.08539940993488238,3.317408713287595,0.37280335480431376,3.961714224067626,0.3942403422579172,4.825593499670224,0.2281591967178988,2.4574683350856787
2025-09-08 20:26:00,0.3170399359134991,3.8375696937836854,0.3429866842839933,3.9621333722981293,0.37974884762228933,4.8286567275084895,0.1502004834502345,2.4575478979889787
2025-09-08 20:40:00,0.6538732647637409,3.952363536582065,0.3455432796138366,3.962141619230232,0.3797631982695957,4.828658661838578,0.09372442612627599,2.4576989128791964
2025-09-08 20:56:00,0.3747588405379554,3.988849862546084,0.34469579454912463,3.961962599127211,0.3786501652675366,4.828125096922787,0.04416356736169059,2.457978281387738
2025-09-08 21:13:00,-0.2277539520872226,3.4489654798436615,0.4197844289123911,3.962044246392809,0.3634846668557051,4.824976726808731,0.008936398765992816,2.458374110427964
2025-09-08 22:58:00,0.3749281005771849,3.9888637823073343,0.3551967196446167,3.962057377196892,0.37904119802547287,4.828669998660681,-0.02970575580098128,2.4625856138329403
2025-09-08 23:00:00,0.3746252630644493,3.988847408683813,0.35765478550988344,3.96214536207785,0.37863785608304856,4.828674417737938,-0.031314248296194946,2.462765368752421
2025-09-08 23:10:00,-1.1342078759701568,3.67528456964383,0.35122078026464376,3.962160548661679,-3.545837817780595,4.219163660919534,-0.041042365674318265,2.4637582977370425
2025-09-08 23:26:00,0.3749733994560794,3.9888673518121776,0.40774109179589857,3.961981569421845,-0.7829814229645065,4.070935864822282,-0.06221980362651304,2.4656516332384277
2025-09-08 23:41:00,0.37499487181222585,3.988869132430464,0.33584894604743426,3.961983499635259,0.14937491162352606,3.6861937015712445,-0.08734254522755039,2.467696920184818
